{"cameraMode":{"drawMode":0,"name":"Shaded","section":"Shading Mode"},"sceneLighting":false,"audioPlay":false,"sceneViewState":{"showFog":true,"showMaterialUpdate":false,"showSkybox":false,"showFlares":true,"showImageEffects":true,"showParticleSystems":true},"in2DMode":false,"pivot":{"x":6.150000095367432,"y":4.599999904632568,"z":8.899999618530274},"rotation":{"x":-0.07814990729093552,"y":0.8808374404907227,"z":-0.1564752161502838,"w":-0.43992549180984499},"size":2.598076105117798,"orthographic":false}