{"cameraMode":{"drawMode":0,"name":"Shaded","section":"Shading Mode"},"sceneLighting":false,"audioPlay":false,"sceneViewState":{"showFog":true,"showMaterialUpdate":false,"showSkybox":false,"showFlares":true,"showImageEffects":true,"showParticleSystems":true},"in2DMode":false,"pivot":{"x":0.0,"y":3.2799999713897707,"z":-0.09999990463256836},"rotation":{"x":-0.10270952433347702,"y":-0.1317991316318512,"z":0.013731291517615319,"w":-0.985846221446991},"size":6.299389362335205,"orthographic":false}